,Length,Diameter,Height,Whole weight,Shucked weight,Viscera weight,Shell weight,AbaloneAge
count,4177.0,4177.0,4177.0,4177.0,4177.0,4177.0,4177.0,4177.0
mean,0.5239920995930099,0.407881254488869,0.1395163993296614,0.82874215944458,0.35936748862820106,0.18059360785252604,0.23883085946851795,11.433684462532918
std,0.12009291256479998,0.09923986613365918,0.04182705660725703,0.49038901823099723,0.22196294903322014,0.10961425025968442,0.13920266952238575,3.2241690320681133
min,0.075,0.055,0.0,0.002,0.001,0.0005,0.0015,2.5
25%,0.45,0.35,0.115,0.4415,0.186,0.0935,0.13,9.5
50%,0.545,0.425,0.14,0.7995,0.336,0.171,0.234,10.5
75%,0.615,0.48,0.165,1.153,0.502,0.253,0.329,12.5
max,0.815,0.65,1.13,2.8255,1.488,0.76,1.005,30.5
