,fips,cases,deaths
count,615984.0,621964.0,621964.0
mean,31170.614433167095,1113.5730942626903,40.07909139435723
std,16266.084726247691,6650.845535039032,415.129566230931
min,1001.0,0.0,0.0
25%,18169.0,18.0,0.0
50%,29195.0,97.0,2.0
75%,46091.0,462.0,11.0
max,78030.0,282135.0,23883.0
