,fips,cases,deaths
count,12279.0,12279.0,12279.0
mean,31.855770013844776,56404.210847788905,2033.969297174037
std,18.6107834735617,110606.04043849453,4500.91839336474
min,1.0,1.0,0.0
25%,17.0,1738.5,42.0
50%,31.0,14755.0,418.0
75%,46.0,62707.0,1904.5
max,78.0,857076.0,32879.0
